[
    {
      "Period": "2015",
      "Yearly Construction Starts": "9"
    },
    {
      "Period": "2016",
      "Yearly Construction Starts": "33"
    },
    {
      "Period": "2017",
      "Yearly Construction Starts": "25"
    },
    {
      "Period": "2018",
      "Yearly Construction Starts": "11"
    },
    {
      "Period": "2019",
      "Yearly Construction Starts": "24"
    },
    {
      "Period": "2020",
      "Yearly Construction Starts": "7"
    },
    {
      "Period": "2021",
      "Yearly Construction Starts": "13"
    },
    {
      "Period": "2022",
      "Yearly Construction Starts": "5"
    },
    {
      "Period": "2023*",
      "Yearly Construction Starts": "2"
    }
  ]